{
  "Logging": {
    "LogLevel": {
      "Default": "Debug"
    },
    "NLog": {
      "IncludeScopes": true
    }
  },
  "NLog": {
    "autoReload": true,
    "throwConfigExceptions": true,
    "internalLogLevel": "info",
    "internalLogFile": "${basedir}/internal-nlog.txt",
    "extensions": [
      { "assembly": "NLog.Extensions.Logging" },
      { "assembly": "NLog.Web.AspNetCore" }
    ],
    "variables": {
      "var_logdir": "c:/temp"
    },
    "default-wrapper": {
      "type": "AsyncWrapper",
      "overflowAction": "Block"
    },
    "targets": {
      "all-file": {
        "type": "File",
        "fileName": "${var_logdir}/nlog-all-${shortdate}.log",
        "layout": {
          "type": "JsonLayout",
          "Attributes": [
            {
              "name": "timestamp",
              "layout": "${date:format=o}"
            },
            {
              "name": "level",
              "layout": "${level}"
            },
            {
              "name": "logger",
              "layout": "${logger}"
            },
            {
              "name": "message",
              "layout": "${message:raw=true}"
            },
            {
              "name": "properties",
              "encode": false,
              "layout": {
                "type": "JsonLayout",
                "includeallproperties": "true"
              }
            }
          ]
        }
      },
      "database": {
        "type": "Database",
        "dbProvider": "Microsoft.Data.SqlClient",
        "connectionString": "Data Source=localhost,1234;Initial Catalog=AutomationLogging;User Id=sa;Password=Password11;",
        "keepConnection": "true",
        "commandText": "insert into dbo.log (Guid, MachineName,Timestamp,Level,Message,Logger,Callsite,Exception) values (@Guid, @MachineName, @Timestamp, @Level, @Message, @Logger, @Callsite, @Exception);",
        "parameters": [
          {
            "name": "@Guid",
            "layout": "${guid}"
          },
          {
            "name": "@MachineName",
            "layout": "${machinename}"
          },
          {
            "name": "@Timestamp",
            "layout": "${date:format=o}",
            "dbType": "DbType.DateTime"
          },
          {
            "name": "@Level",
            "layout": "${level}"
          },
          {
            "name": "@Message",
            "layout": "${message}"
          },
          {
            "name": "@Logger",
            "layout": "${logger}"
          },
          {
            "name": "@Callsite",
            "layout": "${callsite}"
          },
          {
            "name": "@Exception",
            "layout": "${exception:tostring}"
          }
        ]
      }
    },
    "rules": [
      {
        "logger": "*",
        "minLevel": "Trace",
        "writeTo": "database"
      }
    ]
  }
}