{
  "NLog": {
    "autoReload": true,
    "throwConfigExceptions": true,
    "internalLogLevel": "info",
    "internalLogFile": "${basedir}/internal-nlog.txt",
    "extensions": [
      { "assembly": "NLog.Extensions.Logging" },
      { "assembly": "NLog.Web.AspNetCore" },
      { "assembly": "Microsoft.Data.SqlClient"}
    ],
    "variables": {
      "var_logdir": "c:/temp"
    },
    "default-wrapper": {
      "type": "AsyncWrapper",
      "overflowAction": "Block"
    },
    "targets": {
      "all-file": {
        "type": "File",
        "fileName": "${var_logdir}/nlog-all-${shortdate}.log",
        "layout": {
          "type": "JsonLayout",
          "Attributes": [
            {
              "name": "timestamp",
              "layout": "${date:format=o}"
            },
            {
              "name": "level",
              "layout": "${level}"
            },
            {
              "name": "logger",
              "layout": "${logger}"
            },
            {
              "name": "message",
              "layout": "${message:raw=true}"
            },
            {
              "name": "properties",
              "encode": false,
              "layout": {
                "type": "JsonLayout",
                "includeallproperties": "true"
              }
            }
          ]
        }
      },
      "database": {
        "type": "Database",
        "dbProvider": "Microsoft.Data.SqlClient.SqlConnection, Microsoft.Data.SqlClient",
        "connectionString": "Data Source=localhost,12345;Initial Catalog=AutomationLogging;User Id=sa;Password=Password11;",
        "keepConnection": "true",
        "commandText": "INSERT INTO dbo.Logs (Application, Machine, ExecutingAssembly, Severity, Source, Message, Exception, SessionId, TestRequestGuid) VALUES (@Application, @Machine, @ExecutingAssembly, @Severity, @Source, @Message, @Exception, @SessionId, @TestRequestGuid);",
        "parameters": [
          {
            "name": "@Application",
            "layout": "UiTesting Web SSP"
          },
          {
            "name": "@Machine",
            "layout": "${machinename}"
          },
          {
            "name": "@ExecutingAssembly",
            "layout": "${callsite}"
          },
          {
            "name": "@Severity",
            "layout": "${level}"
          },
          {
            "name": "@Source",
            "layout": "${logger}"
          },
          {
            "name": "@Message",
            "layout": "${message}"
          },
          {
            "name": "@Exception",
            "layout": "${exception:tostring}"
          },
          {
            "name": "@SessionId",
            "layout": "${aspnet-sessionid}"
          },
          {
            "name": "@TestRequestGuid",
            "layout": "${mdlc:item=TestRequestGuid}",
            "allowDbNull": "true"
          }
        ]
      }
    },
    "rules": [
      {
        "logger": "Onlife.*",
        "minlevel": "Trace",
        "writeTo": "database",
        "final" :  "true"
      },
      {
        "logger": "*",
        "minlevel": "Warn",
        "writeTo": "database"
      }
    ]
  }
}