   {

    "SmokeTest": {
      "Value": 1,
      "TestType" :  "Smoke Test",
      "Tests": [
        {
          "ID": 1,
          "EnvironmentName": "CI",
          "OperatingSystem": "Windows 10",
          "Browser": "Chrome(latest)",
          "Resolution": "1024x768"
        },
        {
          "ID": 2,
          "EnvironmentName": "RC",
          "OperatingSystem": "Windows 10",
          "Browser": "Chrome(latest)",
          "Resolution": "1024x768"
        },
        {
          "ID": 3,
          "EnvironmentName": "Test",
          "OperatingSystem": "Windows 10",
          "Browser": "Chrome(latest)",
          "Resolution": "1024x768"
        },
        {
          "ID": 4,
          "EnvironmentName": "Production",
          "OperatingSystem": "Windows 10",
          "Browser": "Chrome(latest)",
          "Resolution": "1024x768"
        }
      ]
    },
    "RegressionTest": {
      "Value": 2,
      "TestType": "Regression Test",
      "Tests": [
        {
          "ID": 1,
          "EnvironmentName": "CI",
          "OperatingSystem": "Windows 10",
          "Browser": "Chrome(latest)",
          "Resolution": "1024x768"
        },
        {
          "ID": 2,
          "EnvironmentName": "RC",
          "OperatingSystem": "Windows 10",
          "Browser": "Chrome(latest)",
          "Resolution": "1024x768"
        },
        {
          "ID": 3,
          "EnvironmentName": "Test",
          "OperatingSystem": "Windows 10",
          "Browser": "Chrome(latest)",
          "Resolution": "1024x768"
        },
        {
          "ID": 4,
          "EnvironmentName": "Production",
          "OperatingSystem": "Windows 10",
          "Browser": "Chrome(latest)",
          "Resolution": "1024x768"
        }
      ]
    }
   }